age,sex,blood_type,weight,height,bmi,step_count
62,1,188.22190770850025,77.05165288382139,5.308218582045703,22.212165083939702,3239
40,1,121.3190462922928,36.92667744773535,7.611213636296055,22.729113386226103,8391
25,0,78.79541163512344,57.204574740948324,1.6584129887673043,24.770456266974847,11934
55,0,166.34914468622227,42.50112197068808,0.8729160273557374,18.963477801720025,8556
61,1,186.1638120616848,36.29653698787797,6.882822023656509,24.821327271354562,17927
